id,title,primary_keyword,service_category,service,region,location,post_type,target_audience,word_count,seo_difficulty,priority,content_angle
1,Top 10 Branding & Design Morocco : Guide Expert 2025,branding agency Morocco,Branding & Design,Branding & Design,Morocco/North Africa,Morocco,Guide Complet,pour PME marocaines,2000-2500 mots,Medium,High,Focus on Branding & Design in Morocco market with practical guide approach
2,Digital Marketing Agency Casablanca : Top 10 pour startups africaines,digital marketing agency Casablanca,Digital Marketing,Marketing Digital,Morocco/North Africa,Casablanca,Top 10,pour startups africaines,2000-2500 mots,Hard,High,Focus on Marketing Digital in Casablanca market with practical guide approach
3,Comment Réussir votre Branding & Design Rabat : Comparatif,logo design Rabat,Branding & Design,Branding & Design,Morocco/North Africa,Rabat,Comparatif,pour entreprises MENA,2000-2500 mots,Easy,High,Focus on Branding & Design in Rabat market with practical guide approach
4,Développement Web Morocco : Tendances 2025 pour le marché européen,web development Morocco,Web Development,Développement Web,Morocco/North Africa,Morocco,Tendances 2025,pour le marché européen,2000-2500 mots,Medium,High,Focus on Développement Web in Morocco market with practical guide approach
5,Best Practices Contenu & Média : Dominer Rabat en 2025,e-commerce Maroc,Content & Media,Contenu & Média,Morocco/North Africa,Rabat,Best Practices,en 2025,2000-2500 mots,Easy,High,Focus on Contenu & Média in Rabat market with practical guide approach
6,Étude de Cas : Seo Casablanca avec un petit budget,SEO Casablanca,Digital Marketing,Marketing Digital,Morocco/North Africa,Casablanca,Étude de Cas,avec un petit budget,2000-2500 mots,Hard,High,Focus on Marketing Digital in Casablanca market with practical guide approach
7,Branding & Design Morocco : Comparatif des Meilleures Solutions 2025,graphic design agency Morocco,Branding & Design,Branding & Design,Morocco/North Africa,Morocco,Stratégies,pour débutants,2000-2500 mots,Medium,High,Focus on Branding & Design in Morocco market with practical guide approach
8,Comment Réussir votre Marketing Digital Rabat : Comment,social media marketing Rabat,Digital Marketing,Marketing Digital,Morocco/North Africa,Rabat,Comment,pour experts,2000-2500 mots,Hard,High,Focus on Marketing Digital in Rabat market with practical guide approach
9,Comment Choisir la Meilleure Branding & Design Morocco : Guide 2025,brand identity Morocco,Branding & Design,Branding & Design,Morocco/North Africa,Morocco,Analyse,rentable,2000-2500 mots,Easy,High,Focus on Branding & Design in Morocco market with practical guide approach
10,Tips & Astuces Développement Web : Dominer Casablanca en 2025,website design Casablanca,Web Development,Développement Web,Morocco/North Africa,Casablanca,Tips & Astuces,moderne,2000-2500 mots,Medium,High,Focus on Développement Web in Casablanca market with practical guide approach
11,Top 5 Marketing Digital Morocco : Guide Expert 2025,marketing agency Morocco,Digital Marketing,Marketing Digital,Morocco/North Africa,Morocco,Checklist,professionnel,2000-2500 mots,Easy,High,Focus on Marketing Digital in Morocco market with practical guide approach
12,Creative Agency Rabat : Erreurs à Éviter créatif,creative agency Rabat,Content & Media,Contenu & Média,Morocco/North Africa,Rabat,Erreurs à Éviter,créatif,2000-2500 mots,Hard,High,Focus on Contenu & Média in Rabat market with practical guide approach
13,Développement Web Morocco : Comparatif des Meilleures Solutions 2025,WordPress development Morocco,Web Development,Développement Web,Morocco/North Africa,Morocco,ROI,innovant,2000-2500 mots,Medium,High,Focus on Développement Web in Morocco market with practical guide approach
14,Développement Web Casablanca : Budget efficace,mobile app development Casablanca,Web Development,Développement Web,Morocco/North Africa,Casablanca,Budget,efficace,2000-2500 mots,Hard,High,Focus on Développement Web in Casablanca market with practical guide approach
15,Outils Gratuits Branding & Design : Dominer Morocco en 2025,UI UX design Morocco,Branding & Design,Branding & Design,Morocco/North Africa,Morocco,Outils Gratuits,rapide,2000-2500 mots,Easy,High,Focus on Branding & Design in Morocco market with practical guide approach
16,Guide Complet : Content Marketing Rabat pour PME marocaines,content marketing Rabat,Digital Marketing,Marketing Digital,Morocco/North Africa,Rabat,Guide Complet,pour PME marocaines,2000-2500 mots,Medium,High,Focus on Marketing Digital in Rabat market with practical guide approach
17,Comment Choisir la Meilleure Branding & Design Morocco : Guide 2025,brand strategy Morocco,Branding & Design,Branding & Design,Morocco/North Africa,Morocco,Top 10,pour startups africaines,2000-2500 mots,Easy,High,Focus on Branding & Design in Morocco market with practical guide approach
18,Comment Réussir votre Marketing Digital Casablanca : Comparatif,advertising agency Casablanca,Digital Marketing,Marketing Digital,Morocco/North Africa,Casablanca,Comparatif,pour entreprises MENA,2000-2500 mots,Hard,High,Focus on Marketing Digital in Casablanca market with practical guide approach
19,Marketing Digital Morocco : Comparatif des Meilleures Solutions 2025,digital marketing Afrique,Digital Marketing,Marketing Digital,Morocco/North Africa,Morocco,Tendances 2025,pour le marché européen,2000-2500 mots,Medium,High,Focus on Marketing Digital in Morocco market with practical guide approach
20,Best Practices Branding & Design : Dominer Dubai en 2025,branding agency Algeria,Branding & Design,Branding & Design,Middle East,Dubai,Best Practices,en 2025,2000-2500 mots,Hard,Medium,Focus on Branding & Design in Dubai market with practical guide approach
21,Top 20 Marketing Digital France : Guide Expert 2025,marketing agency Tunisia,Digital Marketing,Marketing Digital,Europe,France,Étude de Cas,avec un petit budget,2000-2500 mots,Easy,Low,Focus on Marketing Digital in France market with practical guide approach
22,Creative Agency Egypt : Stratégies pour débutants,creative agency Egypt,Content & Media,Contenu & Média,Morocco/North Africa,Morocco,Stratégies,pour débutants,2000-2500 mots,Medium,High,Focus on Contenu & Média in Morocco market with practical guide approach
23,Comment Réussir votre Développement Web Dubai : Comment,web design Nigeria,Web Development,Développement Web,Middle East,Dubai,Comment,pour experts,2000-2500 mots,Easy,Medium,Focus on Développement Web in Dubai market with practical guide approach
24,Marketing Digital France : Analyse rentable,SEO agency Ghana,Digital Marketing,Marketing Digital,Europe,France,Analyse,rentable,2000-2500 mots,Hard,Low,Focus on Marketing Digital in France market with practical guide approach
25,Comment Choisir la Meilleure Développement Web Morocco : Guide 2025,brand development Kenya,Web Development,Développement Web,Morocco/North Africa,Morocco,Tips & Astuces,moderne,2000-2500 mots,Medium,High,Focus on Développement Web in Morocco market with practical guide approach
26,Checklist : Digital Agency South Africa professionnel,digital agency South Africa,Content & Media,Contenu & Média,Middle East,Dubai,Checklist,professionnel,2000-2500 mots,Hard,Medium,Focus on Contenu & Média in Dubai market with practical guide approach
27,Marketing Ethiopia : Erreurs à Éviter créatif,marketing Ethiopia,Digital Marketing,Marketing Digital,Europe,France,Erreurs à Éviter,créatif,2000-2500 mots,Easy,Low,Focus on Marketing Digital in France market with practical guide approach
28,Comment Réussir votre Branding & Design Dubai : ROI,branding agency Dubai,Branding & Design,Branding & Design,Middle East,Dubai,ROI,innovant,2000-2500 mots,Medium,Medium,Focus on Branding & Design in Dubai market with practical guide approach
29,Marketing Digital UAE : Budget efficace,digital marketing UAE,Digital Marketing,Marketing Digital,Middle East,UAE,Budget,efficace,2000-2500 mots,Easy,Medium,Focus on Marketing Digital in UAE market with practical guide approach
30,Outils Gratuits Branding & Design : Dominer Qatar en 2025,logo design Qatar,Branding & Design,Branding & Design,Middle East,Qatar,Outils Gratuits,rapide,2000-2500 mots,Hard,Medium,Focus on Branding & Design in Qatar market with practical guide approach
31,Top 10 Développement Web Qatar : Guide Expert 2025,web development Saudi Arabia,Web Development,Développement Web,Middle East,Qatar,Guide Complet,pour PME marocaines,2000-2500 mots,Medium,Medium,Focus on Développement Web in Qatar market with practical guide approach
32,Creative Agency Kuwait : Top 10 pour startups africaines,creative agency Kuwait,Content & Media,Contenu & Média,Middle East,Dubai,Top 10,pour startups africaines,2000-2500 mots,Hard,Medium,Focus on Contenu & Média in Dubai market with practical guide approach
33,Comment Choisir la Meilleure Marketing Digital Dubai : Guide 2025,SEO Dubai,Digital Marketing,Marketing Digital,Middle East,Dubai,Comparatif,pour entreprises MENA,2000-2500 mots,Easy,Medium,Focus on Marketing Digital in Dubai market with practical guide approach
34,Branding & Design UAE : Tendances 2025 pour le marché européen,brand identity UAE,Branding & Design,Branding & Design,Middle East,UAE,Tendances 2025,pour le marché européen,2000-2500 mots,Medium,Medium,Focus on Branding & Design in UAE market with practical guide approach
35,Best Practices Marketing Digital : Dominer Dubai en 2025,marketing agency Riyadh,Digital Marketing,Marketing Digital,Middle East,Dubai,Best Practices,en 2025,2000-2500 mots,Easy,Medium,Focus on Marketing Digital in Dubai market with practical guide approach
36,Étude de Cas : Graphic Design Qatar avec un petit budget,graphic design Qatar,Branding & Design,Branding & Design,Middle East,Qatar,Étude de Cas,avec un petit budget,2000-2500 mots,Hard,Medium,Focus on Branding & Design in Qatar market with practical guide approach
37,Marketing Digital Dubai : Comparatif des Meilleures Solutions 2025,social media marketing Dubai,Digital Marketing,Marketing Digital,Middle East,Dubai,Stratégies,pour débutants,2000-2500 mots,Medium,Medium,Focus on Marketing Digital in Dubai market with practical guide approach
38,Comment Réussir votre Contenu & Média UAE : Comment,e-commerce UAE,Content & Media,Contenu & Média,Middle East,UAE,Comment,pour experts,2000-2500 mots,Hard,Medium,Focus on Contenu & Média in UAE market with practical guide approach
39,Développement Web Qatar : Analyse rentable,website design Saudi Arabia,Web Development,Développement Web,Middle East,Qatar,Analyse,rentable,2000-2500 mots,Easy,Medium,Focus on Développement Web in Qatar market with practical guide approach
40,Tips & Astuces Marketing Digital : Dominer Qatar en 2025,digital marketing MENA,Digital Marketing,Marketing Digital,Middle East,Qatar,Tips & Astuces,moderne,2000-2500 mots,Medium,Medium,Focus on Marketing Digital in Qatar market with practical guide approach
41,Top 5 Branding & Design Dubai : Guide Expert 2025,branding agency Bahrain,Branding & Design,Branding & Design,Middle East,Dubai,Checklist,professionnel,2000-2500 mots,Easy,Medium,Focus on Branding & Design in Dubai market with practical guide approach
42,Marketing Oman : Erreurs à Éviter créatif,marketing Oman,Digital Marketing,Marketing Digital,Europe,France,Erreurs à Éviter,créatif,2000-2500 mots,Hard,Low,Focus on Marketing Digital in France market with practical guide approach
43,Contenu & Média Dubai : Comparatif des Meilleures Solutions 2025,creative solutions Dubai,Content & Media,Contenu & Média,Middle East,Dubai,ROI,innovant,2000-2500 mots,Medium,Medium,Focus on Contenu & Média in Dubai market with practical guide approach
44,Branding & Design UAE : Budget efficace,brand strategy UAE,Branding & Design,Branding & Design,Middle East,UAE,Budget,efficace,2000-2500 mots,Hard,Medium,Focus on Branding & Design in UAE market with practical guide approach
45,Outils Gratuits Marketing Digital : Dominer Qatar en 2025,advertising Qatar,Digital Marketing,Marketing Digital,Middle East,Qatar,Outils Gratuits,rapide,2000-2500 mots,Easy,Medium,Focus on Marketing Digital in Qatar market with practical guide approach
46,Guide Complet : Branding Agency France pour PME marocaines,branding agency France,Branding & Design,Branding & Design,Europe,France,Guide Complet,pour PME marocaines,2000-2500 mots,Medium,Low,Focus on Branding & Design in France market with practical guide approach
47,Digital Marketing Spain : Top 10 pour startups africaines,digital marketing Spain,Digital Marketing,Marketing Digital,Europe,Spain,Top 10,pour startups africaines,2000-2500 mots,Easy,Low,Focus on Marketing Digital in Spain market with practical guide approach
48,Comment Réussir votre Contenu & Média Germany : Comparatif,creative agency Germany,Content & Media,Contenu & Média,Europe,Germany,Comparatif,pour entreprises MENA,2000-2500 mots,Hard,Low,Focus on Contenu & Média in Germany market with practical guide approach
49,Comment Choisir la Meilleure Développement Web Italy : Guide 2025,web development Italy,Web Development,Développement Web,Europe,Italy,Tendances 2025,pour le marché européen,2000-2500 mots,Medium,Low,Focus on Développement Web in Italy market with practical guide approach
50,Best Practices Marketing Digital : Dominer Netherlands en 2025,SEO agency Netherlands,Digital Marketing,Marketing Digital,Europe,Netherlands,Best Practices,en 2025,2000-2500 mots,Hard,Low,Focus on Marketing Digital in Netherlands market with practical guide approach
51,Top 20 Branding & Design France : Guide Expert 2025,brand design Belgium,Branding & Design,Branding & Design,Europe,France,Étude de Cas,avec un petit budget,2000-2500 mots,Easy,Low,Focus on Branding & Design in France market with practical guide approach
52,Marketing Agency Switzerland : Stratégies pour débutants,marketing agency Switzerland,Digital Marketing,Marketing Digital,Morocco/North Africa,Morocco,Stratégies,pour débutants,2000-2500 mots,Medium,High,Focus on Marketing Digital in Morocco market with practical guide approach
53,Comment Réussir votre Branding & Design Dubai : Comment,graphic design Austria,Branding & Design,Branding & Design,Middle East,Dubai,Comment,pour experts,2000-2500 mots,Easy,Medium,Focus on Branding & Design in Dubai market with practical guide approach
54,Contenu & Média France : Analyse rentable,digital agency Portugal,Content & Media,Contenu & Média,Europe,France,Analyse,rentable,2000-2500 mots,Hard,Low,Focus on Contenu & Média in France market with practical guide approach
55,Branding & Design France : Comparatif des Meilleures Solutions 2025,brand identity France,Branding & Design,Branding & Design,Europe,France,Tips & Astuces,moderne,2000-2500 mots,Medium,Low,Focus on Branding & Design in France market with practical guide approach
56,Checklist : Logo Design Spain professionnel,logo design Spain,Branding & Design,Branding & Design,Europe,Spain,Checklist,professionnel,2000-2500 mots,Hard,Low,Focus on Branding & Design in Spain market with practical guide approach
57,Comment Choisir la Meilleure Développement Web Germany : Guide 2025,web design Germany,Web Development,Développement Web,Europe,Germany,Erreurs à Éviter,créatif,2000-2500 mots,Easy,Low,Focus on Développement Web in Germany market with practical guide approach
58,Comment Réussir votre Marketing Digital Europe : ROI,social media marketing Europe,Digital Marketing,Marketing Digital,Europe,Europe,ROI,innovant,2000-2500 mots,Medium,Low,Focus on Marketing Digital in Europe market with practical guide approach
59,Contenu & Média France : Budget efficace,e-commerce France,Content & Media,Contenu & Média,Europe,France,Budget,efficace,2000-2500 mots,Easy,Low,Focus on Contenu & Média in France market with practical guide approach
60,Outils Gratuits Marketing Digital : Dominer Europe en 2025,SEO Europe,Digital Marketing,Marketing Digital,Europe,Europe,Outils Gratuits,rapide,2000-2500 mots,Hard,Low,Focus on Marketing Digital in Europe market with practical guide approach
61,Top 10 Contenu & Média Spain : Guide Expert 2025,creative solutions Spain,Content & Media,Contenu & Média,Europe,Spain,Guide Complet,pour PME marocaines,2000-2500 mots,Medium,Low,Focus on Contenu & Média in Spain market with practical guide approach
62,Brand Strategy Germany : Top 10 pour startups africaines,brand strategy Germany,Branding & Design,Branding & Design,Europe,Germany,Top 10,pour startups africaines,2000-2500 mots,Hard,Low,Focus on Branding & Design in Germany market with practical guide approach
63,Comment Réussir votre Marketing Digital Europe : Comparatif,digital marketing Europe,Digital Marketing,Marketing Digital,Europe,Europe,Comparatif,pour entreprises MENA,2000-2500 mots,Easy,Low,Focus on Marketing Digital in Europe market with practical guide approach
64,Branding & Design Morocco : Tendances 2025 pour le marché européen,branding agency Morocco,Branding & Design,Branding & Design,Morocco/North Africa,Morocco,Tendances 2025,pour le marché européen,2000-2500 mots,Medium,High,Focus on Branding & Design in Morocco market with practical guide approach
65,Comment Choisir la Meilleure Marketing Digital Casablanca : Guide 2025,digital marketing agency Casablanca,Digital Marketing,Marketing Digital,Morocco/North Africa,Casablanca,Best Practices,en 2025,2000-2500 mots,Easy,High,Focus on Marketing Digital in Casablanca market with practical guide approach
66,Étude de Cas : Logo Design Rabat avec un petit budget,logo design Rabat,Branding & Design,Branding & Design,Morocco/North Africa,Rabat,Étude de Cas,avec un petit budget,2000-2500 mots,Hard,High,Focus on Branding & Design in Rabat market with practical guide approach
67,Développement Web Morocco : Comparatif des Meilleures Solutions 2025,web development Morocco,Web Development,Développement Web,Morocco/North Africa,Morocco,Stratégies,pour débutants,2000-2500 mots,Medium,High,Focus on Développement Web in Morocco market with practical guide approach
68,Comment Réussir votre Contenu & Média Rabat : Comment,e-commerce Maroc,Content & Media,Contenu & Média,Morocco/North Africa,Rabat,Comment,pour experts,2000-2500 mots,Hard,High,Focus on Contenu & Média in Rabat market with practical guide approach
69,Marketing Digital Casablanca : Analyse rentable,SEO Casablanca,Digital Marketing,Marketing Digital,Morocco/North Africa,Casablanca,Analyse,rentable,2000-2500 mots,Easy,High,Focus on Marketing Digital in Casablanca market with practical guide approach
70,Tips & Astuces Branding & Design : Dominer Morocco en 2025,graphic design agency Morocco,Branding & Design,Branding & Design,Morocco/North Africa,Morocco,Tips & Astuces,moderne,2000-2500 mots,Medium,High,Focus on Branding & Design in Morocco market with practical guide approach
71,Top 5 Marketing Digital Rabat : Guide Expert 2025,social media marketing Rabat,Digital Marketing,Marketing Digital,Morocco/North Africa,Rabat,Checklist,professionnel,2000-2500 mots,Easy,High,Focus on Marketing Digital in Rabat market with practical guide approach
72,Brand Identity Morocco : Erreurs à Éviter créatif,brand identity Morocco,Branding & Design,Branding & Design,Morocco/North Africa,Morocco,Erreurs à Éviter,créatif,2000-2500 mots,Hard,High,Focus on Branding & Design in Morocco market with practical guide approach
73,Comment Choisir la Meilleure Développement Web Casablanca : Guide 2025,website design Casablanca,Web Development,Développement Web,Morocco/North Africa,Casablanca,ROI,innovant,2000-2500 mots,Medium,High,Focus on Développement Web in Casablanca market with practical guide approach
74,Marketing Digital Morocco : Budget efficace,marketing agency Morocco,Digital Marketing,Marketing Digital,Morocco/North Africa,Morocco,Budget,efficace,2000-2500 mots,Hard,High,Focus on Marketing Digital in Morocco market with practical guide approach
75,Outils Gratuits Contenu & Média : Dominer Rabat en 2025,creative agency Rabat,Content & Media,Contenu & Média,Morocco/North Africa,Rabat,Outils Gratuits,rapide,2000-2500 mots,Easy,High,Focus on Contenu & Média in Rabat market with practical guide approach
76,Guide Complet : Wordpress Development Morocco pour PME marocaines,WordPress development Morocco,Web Development,Développement Web,Morocco/North Africa,Morocco,Guide Complet,pour PME marocaines,2000-2500 mots,Medium,High,Focus on Développement Web in Morocco market with practical guide approach
77,Mobile App Development Casablanca : Top 10 pour startups africaines,mobile app development Casablanca,Web Development,Développement Web,Morocco/North Africa,Casablanca,Top 10,pour startups africaines,2000-2500 mots,Easy,High,Focus on Développement Web in Casablanca market with practical guide approach
78,Comment Réussir votre Branding & Design Morocco : Comparatif,UI UX design Morocco,Branding & Design,Branding & Design,Morocco/North Africa,Morocco,Comparatif,pour entreprises MENA,2000-2500 mots,Hard,High,Focus on Branding & Design in Morocco market with practical guide approach
79,Marketing Digital Rabat : Comparatif des Meilleures Solutions 2025,content marketing Rabat,Digital Marketing,Marketing Digital,Morocco/North Africa,Rabat,Tendances 2025,pour le marché européen,2000-2500 mots,Medium,High,Focus on Marketing Digital in Rabat market with practical guide approach
80,Best Practices Branding & Design : Dominer Morocco en 2025,brand strategy Morocco,Branding & Design,Branding & Design,Morocco/North Africa,Morocco,Best Practices,en 2025,2000-2500 mots,Hard,High,Focus on Branding & Design in Morocco market with practical guide approach
81,Top 20 Marketing Digital Casablanca : Guide Expert 2025,advertising agency Casablanca,Digital Marketing,Marketing Digital,Morocco/North Africa,Casablanca,Étude de Cas,avec un petit budget,2000-2500 mots,Easy,High,Focus on Marketing Digital in Casablanca market with practical guide approach
82,Digital Marketing Afrique : Stratégies pour débutants,digital marketing Afrique,Digital Marketing,Marketing Digital,Morocco/North Africa,Morocco,Stratégies,pour débutants,2000-2500 mots,Medium,High,Focus on Marketing Digital in Morocco market with practical guide approach
83,Comment Réussir votre Branding & Design Dubai : Comment,branding agency Algeria,Branding & Design,Branding & Design,Middle East,Dubai,Comment,pour experts,2000-2500 mots,Easy,Medium,Focus on Branding & Design in Dubai market with practical guide approach
84,Marketing Digital France : Analyse rentable,marketing agency Tunisia,Digital Marketing,Marketing Digital,Europe,France,Analyse,rentable,2000-2500 mots,Hard,Low,Focus on Marketing Digital in France market with practical guide approach
85,Contenu & Média Morocco : Comparatif des Meilleures Solutions 2025,creative agency Egypt,Content & Media,Contenu & Média,Morocco/North Africa,Morocco,Tips & Astuces,moderne,2000-2500 mots,Medium,High,Focus on Contenu & Média in Morocco market with practical guide approach
86,Checklist : Web Design Nigeria professionnel,web design Nigeria,Web Development,Développement Web,Middle East,Dubai,Checklist,professionnel,2000-2500 mots,Hard,Medium,Focus on Développement Web in Dubai market with practical guide approach
87,Seo Agency Ghana : Erreurs à Éviter créatif,SEO agency Ghana,Digital Marketing,Marketing Digital,Europe,France,Erreurs à Éviter,créatif,2000-2500 mots,Easy,Low,Focus on Marketing Digital in France market with practical guide approach
88,Comment Réussir votre Développement Web Morocco : ROI,brand development Kenya,Web Development,Développement Web,Morocco/North Africa,Morocco,ROI,innovant,2000-2500 mots,Medium,High,Focus on Développement Web in Morocco market with practical guide approach
89,Comment Choisir la Meilleure Contenu & Média Dubai : Guide 2025,digital agency South Africa,Content & Media,Contenu & Média,Middle East,Dubai,Budget,efficace,2000-2500 mots,Easy,Medium,Focus on Contenu & Média in Dubai market with practical guide approach
90,Outils Gratuits Marketing Digital : Dominer France en 2025,marketing Ethiopia,Digital Marketing,Marketing Digital,Europe,France,Outils Gratuits,rapide,2000-2500 mots,Hard,Low,Focus on Marketing Digital in France market with practical guide approach
91,Top 10 Branding & Design Dubai : Guide Expert 2025,branding agency Dubai,Branding & Design,Branding & Design,Middle East,Dubai,Guide Complet,pour PME marocaines,2000-2500 mots,Medium,Medium,Focus on Branding & Design in Dubai market with practical guide approach
92,Digital Marketing Uae : Top 10 pour startups africaines,digital marketing UAE,Digital Marketing,Marketing Digital,Middle East,UAE,Top 10,pour startups africaines,2000-2500 mots,Hard,Medium,Focus on Marketing Digital in UAE market with practical guide approach
93,Comment Réussir votre Branding & Design Qatar : Comparatif,logo design Qatar,Branding & Design,Branding & Design,Middle East,Qatar,Comparatif,pour entreprises MENA,2000-2500 mots,Easy,Medium,Focus on Branding & Design in Qatar market with practical guide approach
94,Développement Web Qatar : Tendances 2025 pour le marché européen,web development Saudi Arabia,Web Development,Développement Web,Middle East,Qatar,Tendances 2025,pour le marché européen,2000-2500 mots,Medium,Medium,Focus on Développement Web in Qatar market with practical guide approach
95,Best Practices Contenu & Média : Dominer Dubai en 2025,creative agency Kuwait,Content & Media,Contenu & Média,Middle East,Dubai,Best Practices,en 2025,2000-2500 mots,Easy,Medium,Focus on Contenu & Média in Dubai market with practical guide approach
96,Étude de Cas : Seo Dubai avec un petit budget,SEO Dubai,Digital Marketing,Marketing Digital,Middle East,Dubai,Étude de Cas,avec un petit budget,2000-2500 mots,Hard,Medium,Focus on Marketing Digital in Dubai market with practical guide approach
97,Comment Choisir la Meilleure Branding & Design UAE : Guide 2025,brand identity UAE,Branding & Design,Branding & Design,Middle East,UAE,Stratégies,pour débutants,2000-2500 mots,Medium,Medium,Focus on Branding & Design in UAE market with practical guide approach
98,Comment Réussir votre Marketing Digital Dubai : Comment,marketing agency Riyadh,Digital Marketing,Marketing Digital,Middle East,Dubai,Comment,pour experts,2000-2500 mots,Hard,Medium,Focus on Marketing Digital in Dubai market with practical guide approach
99,Branding & Design Qatar : Analyse rentable,graphic design Qatar,Branding & Design,Branding & Design,Middle East,Qatar,Analyse,rentable,2000-2500 mots,Easy,Medium,Focus on Branding & Design in Qatar market with practical guide approach
100,Tips & Astuces Marketing Digital : Dominer Dubai en 2025,social media marketing Dubai,Digital Marketing,Marketing Digital,Middle East,Dubai,Tips & Astuces,moderne,2000-2500 mots,Medium,Medium,Focus on Marketing Digital in Dubai market with practical guide approach
